filename,path,type
file-5woEkLeg1wdZU5dMGt36Tm-8302.png,/home/simon/Learning-Management-System-Academy/legal-matters/digital-unicorn-icon-plc/digital_unicorn_outsource/file-5woEkLeg1wdZU5dMGt36Tm-8302.png,capture
file-2e6QRMMMHrpyuTnWTtSGrF-8385.png,/home/simon/Learning-Management-System-Academy/legal-matters/digital-unicorn-icon-plc/digital_unicorn_outsource/file-2e6QRMMMHrpyuTnWTtSGrF-8385.png,capture
file-7P8SF8PFBUpohhKXTBK4XH-image.png,/home/simon/Learning-Management-System-Academy/legal-matters/digital-unicorn-icon-plc/digital_unicorn_outsource/file-7P8SF8PFBUpohhKXTBK4XH-image.png,capture
file-EkdfpLMFMJRZTCKgRtn9EB-image.png,/home/simon/Learning-Management-System-Academy/legal-matters/digital-unicorn-icon-plc/digital_unicorn_outsource/file-EkdfpLMFMJRZTCKgRtn9EB-image.png,capture
file-JYnAq4i6ARHcERpLP7Ev5Z-image.png,/home/simon/Learning-Management-System-Academy/legal-matters/digital-unicorn-icon-plc/digital_unicorn_outsource/file-JYnAq4i6ARHcERpLP7Ev5Z-image.png,capture
file-3SFVRCxu4JCPWqKMcCPxJW-8304.png,/home/simon/Learning-Management-System-Academy/legal-matters/digital-unicorn-icon-plc/digital_unicorn_outsource/file-3SFVRCxu4JCPWqKMcCPxJW-8304.png,capture
file-DMb5pouqat3x1gJ9QIZdP8m6-image.png,/home/simon/Learning-Management-System-Academy/legal-matters/digital-unicorn-icon-plc/digital_unicorn_outsource/file-DMb5pouqat3x1gJ9QIZdP8m6-image.png,capture
file-8pFm8o7XbrLXbrG7bYnqv2-e621629e-95c7-42fe-89a0-52b21b2f6569.png,/home/simon/Learning-Management-System-Academy/legal-matters/digital-unicorn-icon-plc/digital_unicorn_outsource/file-8pFm8o7XbrLXbrG7bYnqv2-e621629e-95c7-42fe-89a0-52b21b2f6569.png,capture
file-WTYJgkPWpDikNPTq9Rm3bt-9f21ede1-73ba-4bd6-98d2-6ac0f5cded82.png,/home/simon/Learning-Management-System-Academy/legal-matters/digital-unicorn-icon-plc/digital_unicorn_outsource/file-WTYJgkPWpDikNPTq9Rm3bt-9f21ede1-73ba-4bd6-98d2-6ac0f5cded82.png,capture
file-BVTtLAL8hikKZSeJempHZr-WhatsApp Image 2025-08-26 at 9.44.36 AM.jpeg,/home/simon/Learning-Management-System-Academy/legal-matters/digital-unicorn-icon-plc/digital_unicorn_outsource/file-BVTtLAL8hikKZSeJempHZr-WhatsApp Image 2025-08-26 at 9.44.36 AM.jpeg,capture
file-3QCxnKQ4uyopkeYcVnK4dj-loginlinkedin.png,/home/simon/Learning-Management-System-Academy/legal-matters/digital-unicorn-icon-plc/digital_unicorn_outsource/file-3QCxnKQ4uyopkeYcVnK4dj-loginlinkedin.png,capture
file-G5uJfmmSzQLHT4TNab3po1-b5751c1f-9ec8-4dd9-aa05-4c2fa636cc6c.png,/home/simon/Learning-Management-System-Academy/legal-matters/digital-unicorn-icon-plc/digital_unicorn_outsource/file-G5uJfmmSzQLHT4TNab3po1-b5751c1f-9ec8-4dd9-aa05-4c2fa636cc6c.png,capture
file-g3ZSl36qngLNRYSVRuP8zCOL-image.png,/home/simon/Learning-Management-System-Academy/legal-matters/digital-unicorn-icon-plc/digital_unicorn_outsource/file-g3ZSl36qngLNRYSVRuP8zCOL-image.png,capture
file-t6u78oICOgVzotHj9R9QR3EN-image.png,/home/simon/Learning-Management-System-Academy/legal-matters/digital-unicorn-icon-plc/digital_unicorn_outsource/file-t6u78oICOgVzotHj9R9QR3EN-image.png,capture
file-26N5kKEZwPNea8b5nDdRFi-17551394434858055325716364101130.jpg,/home/simon/Learning-Management-System-Academy/legal-matters/digital-unicorn-icon-plc/digital_unicorn_outsource/file-26N5kKEZwPNea8b5nDdRFi-17551394434858055325716364101130.jpg,capture
file-oKKRtqKop7m61O7Ixj0lv8jR-Grammer focus.jpg,/home/simon/Learning-Management-System-Academy/legal-matters/digital-unicorn-icon-plc/digital_unicorn_outsource/file-oKKRtqKop7m61O7Ixj0lv8jR-Grammer focus.jpg,capture
file-LszoPbkpm5XRid2hVvQjoC-e90341c1-6cf9-46b9-a89c-3f218a5b8481.png,/home/simon/Learning-Management-System-Academy/legal-matters/digital-unicorn-icon-plc/digital_unicorn_outsource/file-LszoPbkpm5XRid2hVvQjoC-e90341c1-6cf9-46b9-a89c-3f218a5b8481.png,capture
file-ySNHmeHv0mkkvFUmPEnubkQN-image.png,/home/simon/Learning-Management-System-Academy/legal-matters/digital-unicorn-icon-plc/digital_unicorn_outsource/file-ySNHmeHv0mkkvFUmPEnubkQN-image.png,capture
file-ArRrG8XyPXirPxJ4HVuiMG-WhatsApp Image 2025-08-26 at 9.44.36 AM (1).jpeg,/home/simon/Learning-Management-System-Academy/legal-matters/digital-unicorn-icon-plc/digital_unicorn_outsource/file-ArRrG8XyPXirPxJ4HVuiMG-WhatsApp Image 2025-08-26 at 9.44.36 AM (1).jpeg,capture
file-QPe6wNaUu8ZJYEAC8xAqTK-image.png,/home/simon/Learning-Management-System-Academy/legal-matters/digital-unicorn-icon-plc/digital_unicorn_outsource/file-QPe6wNaUu8ZJYEAC8xAqTK-image.png,capture
file-548awacx5SU1cz6b3Hu5Ww-8099.jpg,/home/simon/Learning-Management-System-Academy/legal-matters/digital-unicorn-icon-plc/digital_unicorn_outsource/file-548awacx5SU1cz6b3Hu5Ww-8099.jpg,capture
file-1ot0uKJGvfet66paepJnxM6d-image.png,/home/simon/Learning-Management-System-Academy/legal-matters/digital-unicorn-icon-plc/digital_unicorn_outsource/file-1ot0uKJGvfet66paepJnxM6d-image.png,capture
file-WXDwWBf96GVfiFaNs5vvEG-17551397014847737163621203374975.jpg,/home/simon/Learning-Management-System-Academy/legal-matters/digital-unicorn-icon-plc/digital_unicorn_outsource/file-WXDwWBf96GVfiFaNs5vvEG-17551397014847737163621203374975.jpg,capture
file-5r3qxLkBgtFSD2MKkSZj2s-2b7be32c-53c2-4256-a135-7a02a5e06cc8.png,/home/simon/Learning-Management-System-Academy/legal-matters/digital-unicorn-icon-plc/digital_unicorn_outsource/file-5r3qxLkBgtFSD2MKkSZj2s-2b7be32c-53c2-4256-a135-7a02a5e06cc8.png,capture
file-Se8Jz3TkKqpvobjBRQMriP-WhatsApp Image 2025-08-26 at 9.44.36 AM.jpeg,/home/simon/Learning-Management-System-Academy/legal-matters/digital-unicorn-icon-plc/digital_unicorn_outsource/file-Se8Jz3TkKqpvobjBRQMriP-WhatsApp Image 2025-08-26 at 9.44.36 AM.jpeg,capture
file-9xsazCv9ymCJe9jyeiMAiimB-image.png,/home/simon/Learning-Management-System-Academy/legal-matters/digital-unicorn-icon-plc/digital_unicorn_outsource/file-9xsazCv9ymCJe9jyeiMAiimB-image.png,capture
file-gqk1cWohsM7sRDfyUygNlN73-image.png,/home/simon/Learning-Management-System-Academy/legal-matters/digital-unicorn-icon-plc/digital_unicorn_outsource/file-gqk1cWohsM7sRDfyUygNlN73-image.png,capture
file-7nyI9hS0FUQhRleDZVw3FphX-image.png,/home/simon/Learning-Management-System-Academy/legal-matters/digital-unicorn-icon-plc/digital_unicorn_outsource/file-7nyI9hS0FUQhRleDZVw3FphX-image.png,capture
file-Xsn9OLyeOeX7WtHn85Fp9pMJ-image.png,/home/simon/Learning-Management-System-Academy/legal-matters/digital-unicorn-icon-plc/digital_unicorn_outsource/file-Xsn9OLyeOeX7WtHn85Fp9pMJ-image.png,capture
file-9TmrOKlgBMDBeHs03rfNJCFM-image.png,/home/simon/Learning-Management-System-Academy/legal-matters/digital-unicorn-icon-plc/digital_unicorn_outsource/file-9TmrOKlgBMDBeHs03rfNJCFM-image.png,capture
file-VUnjqCCKCgT1xXq4ydQTR6-image.png,/home/simon/Learning-Management-System-Academy/legal-matters/digital-unicorn-icon-plc/digital_unicorn_outsource/file-VUnjqCCKCgT1xXq4ydQTR6-image.png,capture
file-QG5QUZhbAE4BRv4UPtEE2p-6729.png,/home/simon/Learning-Management-System-Academy/legal-matters/digital-unicorn-icon-plc/digital_unicorn_outsource/file-QG5QUZhbAE4BRv4UPtEE2p-6729.png,capture
file-V9UzdaZJKmdERiGfAkuRvT-c40a9a4c-d6ef-4c3d-af6f-c11382d5a30c.png,/home/simon/Learning-Management-System-Academy/legal-matters/digital-unicorn-icon-plc/digital_unicorn_outsource/file-V9UzdaZJKmdERiGfAkuRvT-c40a9a4c-d6ef-4c3d-af6f-c11382d5a30c.png,capture
file-3EspnfWvsWOmzCWyypbLmfXW-image.png,/home/simon/Learning-Management-System-Academy/legal-matters/digital-unicorn-icon-plc/digital_unicorn_outsource/file-3EspnfWvsWOmzCWyypbLmfXW-image.png,capture
file-Hryhptqvw4ALd9WX49Ytz7-17533383227645746191917702183949.jpg,/home/simon/Learning-Management-System-Academy/legal-matters/digital-unicorn-icon-plc/digital_unicorn_outsource/file-Hryhptqvw4ALd9WX49Ytz7-17533383227645746191917702183949.jpg,capture
file-SgkrdDhkbUuNgCRwG2Wr7c-Screenshot_20241208-051358.png,/home/simon/Learning-Management-System-Academy/legal-matters/digital-unicorn-icon-plc/digital_unicorn_outsource/file-SgkrdDhkbUuNgCRwG2Wr7c-Screenshot_20241208-051358.png,screenshot
file-ArcrB89b6nafUObS6IBWAmVS-image.png,/home/simon/Learning-Management-System-Academy/legal-matters/digital-unicorn-icon-plc/digital_unicorn_outsource/file-ArcrB89b6nafUObS6IBWAmVS-image.png,capture
file-TFneKUshHZaZBRzDyoNa7t-8260.png,/home/simon/Learning-Management-System-Academy/legal-matters/digital-unicorn-icon-plc/digital_unicorn_outsource/file-TFneKUshHZaZBRzDyoNa7t-8260.png,capture
file-XSd6f79w9tX29AXMUrqFpE-70ad996c-f196-4432-b896-ff770ed30d26.png,/home/simon/Learning-Management-System-Academy/legal-matters/digital-unicorn-icon-plc/digital_unicorn_outsource/file-XSd6f79w9tX29AXMUrqFpE-70ad996c-f196-4432-b896-ff770ed30d26.png,capture
file-1rKUR3Y6y56SgQaJNY9U4G-image.png,/home/simon/Learning-Management-System-Academy/legal-matters/digital-unicorn-icon-plc/digital_unicorn_outsource/file-1rKUR3Y6y56SgQaJNY9U4G-image.png,capture
file-GKfcxShqKmiCocEDbe9rZj-image.png,/home/simon/Learning-Management-System-Academy/legal-matters/digital-unicorn-icon-plc/digital_unicorn_outsource/file-GKfcxShqKmiCocEDbe9rZj-image.png,capture
file-y6gf95iE6X0mcU55nYWfzr8u-image.png,/home/simon/Learning-Management-System-Academy/legal-matters/digital-unicorn-icon-plc/digital_unicorn_outsource/file-y6gf95iE6X0mcU55nYWfzr8u-image.png,capture
file-GWpRbtSdtJhyWakD7iH9eH-13f132ad-9a0a-4aaf-b333-4a200fcab422.png,/home/simon/Learning-Management-System-Academy/legal-matters/digital-unicorn-icon-plc/digital_unicorn_outsource/file-GWpRbtSdtJhyWakD7iH9eH-13f132ad-9a0a-4aaf-b333-4a200fcab422.png,capture
file-FoipbIYueuADCROmtKSULaSX-image.png,/home/simon/Learning-Management-System-Academy/legal-matters/digital-unicorn-icon-plc/digital_unicorn_outsource/file-FoipbIYueuADCROmtKSULaSX-image.png,capture
file-2rMXcHystqRey2r1TZuqec-image.png,/home/simon/Learning-Management-System-Academy/legal-matters/digital-unicorn-icon-plc/digital_unicorn_outsource/file-2rMXcHystqRey2r1TZuqec-image.png,capture
file-D5fi1tSYSLypQutu4YimkQ-16bd4a9a-0d73-4296-a9a4-567b7610b670.png,/home/simon/Learning-Management-System-Academy/legal-matters/digital-unicorn-icon-plc/digital_unicorn_outsource/file-D5fi1tSYSLypQutu4YimkQ-16bd4a9a-0d73-4296-a9a4-567b7610b670.png,capture
file-5BTpzepZ7oDrbReKWrjCNm-3595bda0-9356-4994-9db8-fb15ec5527f5.png,/home/simon/Learning-Management-System-Academy/legal-matters/digital-unicorn-icon-plc/digital_unicorn_outsource/file-5BTpzepZ7oDrbReKWrjCNm-3595bda0-9356-4994-9db8-fb15ec5527f5.png,capture
file-1tPtZ8nLJ7wJu37gE2Rx5n-image.png,/home/simon/Learning-Management-System-Academy/legal-matters/digital-unicorn-icon-plc/digital_unicorn_outsource/file-1tPtZ8nLJ7wJu37gE2Rx5n-image.png,capture
file-TdkTuyxfG12dSJuJgVpj5A-image.png,/home/simon/Learning-Management-System-Academy/legal-matters/digital-unicorn-icon-plc/digital_unicorn_outsource/file-TdkTuyxfG12dSJuJgVpj5A-image.png,capture
file-x2seQF4T4S8ZLIF9oWaXaRF1-image.png,/home/simon/Learning-Management-System-Academy/legal-matters/digital-unicorn-icon-plc/digital_unicorn_outsource/file-x2seQF4T4S8ZLIF9oWaXaRF1-image.png,capture
file-SL2N4rJn47aSRLZsqu6bj1-b5c12cc8-9273-40de-a7fe-9ca47acf1f45.png,/home/simon/Learning-Management-System-Academy/legal-matters/digital-unicorn-icon-plc/digital_unicorn_outsource/file-SL2N4rJn47aSRLZsqu6bj1-b5c12cc8-9273-40de-a7fe-9ca47acf1f45.png,capture
file-PhDWXEEFfkfBDDCnL5dExmgY-renditionDownload.jpg,/home/simon/Learning-Management-System-Academy/legal-matters/digital-unicorn-icon-plc/digital_unicorn_outsource/file-PhDWXEEFfkfBDDCnL5dExmgY-renditionDownload.jpg,capture
file-LnZnGR96VJsLRGwy73G7P6me-Grammer focus.jpg,/home/simon/Learning-Management-System-Academy/legal-matters/digital-unicorn-icon-plc/digital_unicorn_outsource/file-LnZnGR96VJsLRGwy73G7P6me-Grammer focus.jpg,capture
file-t1RUPtOcnwa4MWpozBbHG3i7-image.png,/home/simon/Learning-Management-System-Academy/legal-matters/digital-unicorn-icon-plc/digital_unicorn_outsource/file-t1RUPtOcnwa4MWpozBbHG3i7-image.png,capture
file-Pm62547te64ss83vrbSTFm-image.png,/home/simon/Learning-Management-System-Academy/legal-matters/digital-unicorn-icon-plc/digital_unicorn_outsource/file-Pm62547te64ss83vrbSTFm-image.png,screenshot
file-R6YeiuGPuYHdsPbepHgAoj-047d83da-db8b-4c50-a824-3373487cf4da.png,/home/simon/Learning-Management-System-Academy/legal-matters/digital-unicorn-icon-plc/digital_unicorn_outsource/file-R6YeiuGPuYHdsPbepHgAoj-047d83da-db8b-4c50-a824-3373487cf4da.png,capture
file-SwotEVQvwoPcUZUCtpipD8-2e209b66-0d19-405a-b437-0594e360ccb7.png,/home/simon/Learning-Management-System-Academy/legal-matters/digital-unicorn-icon-plc/digital_unicorn_outsource/file-SwotEVQvwoPcUZUCtpipD8-2e209b66-0d19-405a-b437-0594e360ccb7.png,capture
file-6KeTCWqzKPxg1ah2JtkyYF-2c3a1384-ed2e-458d-8a4e-89a55b3293a6.png,/home/simon/Learning-Management-System-Academy/legal-matters/digital-unicorn-icon-plc/digital_unicorn_outsource/file-6KeTCWqzKPxg1ah2JtkyYF-2c3a1384-ed2e-458d-8a4e-89a55b3293a6.png,capture
file-VsT1euTnwjzVpvTyPAnLFp-image.png,/home/simon/Learning-Management-System-Academy/legal-matters/digital-unicorn-icon-plc/digital_unicorn_outsource/file-VsT1euTnwjzVpvTyPAnLFp-image.png,capture
file-T116GtLyT1mwg2nA8P6pR2-image.png,/home/simon/Learning-Management-System-Academy/legal-matters/digital-unicorn-icon-plc/digital_unicorn_outsource/file-T116GtLyT1mwg2nA8P6pR2-image.png,capture
file-DSCWFo6PWktv8aXvrbqiRy-image.png,/home/simon/Learning-Management-System-Academy/legal-matters/digital-unicorn-icon-plc/digital_unicorn_outsource/file-DSCWFo6PWktv8aXvrbqiRy-image.png,capture
file-f9aWdUNXR2qOUaMJ0eOfcnYB-image.png,/home/simon/Learning-Management-System-Academy/legal-matters/digital-unicorn-icon-plc/digital_unicorn_outsource/file-f9aWdUNXR2qOUaMJ0eOfcnYB-image.png,capture
file-QV1MMQVEix6Zdv2pBqtm8t-4a23f996-8eea-4452-94ca-53a2ca660bd1.png,/home/simon/Learning-Management-System-Academy/legal-matters/digital-unicorn-icon-plc/digital_unicorn_outsource/file-QV1MMQVEix6Zdv2pBqtm8t-4a23f996-8eea-4452-94ca-53a2ca660bd1.png,capture
file-Gr8ez5MgriNyq97CT5qjpC-image.png,/home/simon/Learning-Management-System-Academy/legal-matters/digital-unicorn-icon-plc/digital_unicorn_outsource/file-Gr8ez5MgriNyq97CT5qjpC-image.png,capture
file-3kF7DGVioDEYf8HU5uXYzK-c2535eca-36fd-4161-8a70-9f0c6ef53e0c.png,/home/simon/Learning-Management-System-Academy/legal-matters/digital-unicorn-icon-plc/digital_unicorn_outsource/file-3kF7DGVioDEYf8HU5uXYzK-c2535eca-36fd-4161-8a70-9f0c6ef53e0c.png,capture
file-9SU0uvzgW5TmykrSMs9vZVkV-image.png,/home/simon/Learning-Management-System-Academy/legal-matters/digital-unicorn-icon-plc/digital_unicorn_outsource/file-9SU0uvzgW5TmykrSMs9vZVkV-image.png,capture
file-4tYymO72gQEVTqX0Kxp6NJfG-proxmox.PNG,/home/simon/Learning-Management-System-Academy/legal-matters/digital-unicorn-icon-plc/digital_unicorn_outsource/file-4tYymO72gQEVTqX0Kxp6NJfG-proxmox.PNG,capture
file-QfCyf4AeLyISvAOjVba79eRA-image.png,/home/simon/Learning-Management-System-Academy/legal-matters/digital-unicorn-icon-plc/digital_unicorn_outsource/file-QfCyf4AeLyISvAOjVba79eRA-image.png,capture
file-Tan1PcP68jF5H6rjn5qTys-8c96ab5f-2afe-47ba-a11d-d037b81c9b01.png,/home/simon/Learning-Management-System-Academy/legal-matters/digital-unicorn-icon-plc/digital_unicorn_outsource/file-Tan1PcP68jF5H6rjn5qTys-8c96ab5f-2afe-47ba-a11d-d037b81c9b01.png,capture
file-TyrGvChHhDzA1cxGbf4bFF-image.png,/home/simon/Learning-Management-System-Academy/legal-matters/digital-unicorn-icon-plc/digital_unicorn_outsource/file-TyrGvChHhDzA1cxGbf4bFF-image.png,capture
file-BtB3CxnRhGnCXNFvG7fc39-1f520971-f90f-4a81-9797-6e0bf8fcf36d.png,/home/simon/Learning-Management-System-Academy/legal-matters/digital-unicorn-icon-plc/digital_unicorn_outsource/file-BtB3CxnRhGnCXNFvG7fc39-1f520971-f90f-4a81-9797-6e0bf8fcf36d.png,capture
file-AeruosP5WqgDzULBo5gKnA-image.png,/home/simon/Learning-Management-System-Academy/legal-matters/digital-unicorn-icon-plc/digital_unicorn_outsource/file-AeruosP5WqgDzULBo5gKnA-image.png,capture
file-ANEpMnKYcvzHamee6zC4bH-5579baf1-95ae-477d-93ba-8ae9defb52c1.png,/home/simon/Learning-Management-System-Academy/legal-matters/digital-unicorn-icon-plc/digital_unicorn_outsource/file-ANEpMnKYcvzHamee6zC4bH-5579baf1-95ae-477d-93ba-8ae9defb52c1.png,capture
file-LeMN7yuuoHpDqW7wvvurAp-d05d5234-4733-4cf8-8a01-b34cc99fd454.png,/home/simon/Learning-Management-System-Academy/legal-matters/digital-unicorn-icon-plc/digital_unicorn_outsource/file-LeMN7yuuoHpDqW7wvvurAp-d05d5234-4733-4cf8-8a01-b34cc99fd454.png,capture
file-FwZmFRb8NbnQznGkPJW5Kq-image.png,/home/simon/Learning-Management-System-Academy/legal-matters/digital-unicorn-icon-plc/digital_unicorn_outsource/file-FwZmFRb8NbnQznGkPJW5Kq-image.png,capture
file-WRNxGc8RrqBToFD8zQwXUZ-17551395730792274899802513115001.jpg,/home/simon/Learning-Management-System-Academy/legal-matters/digital-unicorn-icon-plc/digital_unicorn_outsource/file-WRNxGc8RrqBToFD8zQwXUZ-17551395730792274899802513115001.jpg,capture
file-ShprD3KEq2UyBuqi13F7hP-8e5e1014-5aea-46d9-a6ae-947fb448a403.png,/home/simon/Learning-Management-System-Academy/legal-matters/digital-unicorn-icon-plc/digital_unicorn_outsource/file-ShprD3KEq2UyBuqi13F7hP-8e5e1014-5aea-46d9-a6ae-947fb448a403.png,capture
file-VAzGVa3cANKKFrT8utZXqR-passwordchangefrance.png,/home/simon/Learning-Management-System-Academy/legal-matters/digital-unicorn-icon-plc/digital_unicorn_outsource/file-VAzGVa3cANKKFrT8utZXqR-passwordchangefrance.png,screenshot
file-zsa2LPxRHa0xTS6hZ84mMV0O-image.png,/home/simon/Learning-Management-System-Academy/legal-matters/digital-unicorn-icon-plc/digital_unicorn_outsource/file-zsa2LPxRHa0xTS6hZ84mMV0O-image.png,capture
file-SP0Pt12MOxyo1Ep6q2vnIaHl-image.png,/home/simon/Learning-Management-System-Academy/legal-matters/digital-unicorn-icon-plc/digital_unicorn_outsource/file-SP0Pt12MOxyo1Ep6q2vnIaHl-image.png,capture
file-P1vPejGMNknUnL7wKF7HwC-95552bcb-3024-406d-9600-3bd8c7e8a683.png,/home/simon/Learning-Management-System-Academy/legal-matters/digital-unicorn-icon-plc/digital_unicorn_outsource/file-P1vPejGMNknUnL7wKF7HwC-95552bcb-3024-406d-9600-3bd8c7e8a683.png,capture
file-GFeXsvBrgNTam12BrR1bKD-image.png,/home/simon/Learning-Management-System-Academy/legal-matters/digital-unicorn-icon-plc/digital_unicorn_outsource/file-GFeXsvBrgNTam12BrR1bKD-image.png,capture
file-Uv3i3Hr9RqC9P63TKL3U22-8423.png,/home/simon/Learning-Management-System-Academy/legal-matters/digital-unicorn-icon-plc/digital_unicorn_outsource/file-Uv3i3Hr9RqC9P63TKL3U22-8423.png,capture
file-GhumE9PYmv1bS4x9VifPq2-image.png,/home/simon/Learning-Management-System-Academy/legal-matters/digital-unicorn-icon-plc/digital_unicorn_outsource/file-GhumE9PYmv1bS4x9VifPq2-image.png,capture
file-CBhZjetT4PtriNcPmis42AiZ-install2config.jpg,/home/simon/Learning-Management-System-Academy/legal-matters/digital-unicorn-icon-plc/digital_unicorn_outsource/file-CBhZjetT4PtriNcPmis42AiZ-install2config.jpg,capture
file-848i8KYxtkG4Ezzt2zKQ4F-image.png,/home/simon/Learning-Management-System-Academy/legal-matters/digital-unicorn-icon-plc/digital_unicorn_outsource/file-848i8KYxtkG4Ezzt2zKQ4F-image.png,capture
file-GKCaBpfwwf7mZsNnk7e7exNJ-image.png,/home/simon/Learning-Management-System-Academy/legal-matters/digital-unicorn-icon-plc/digital_unicorn_outsource/file-GKCaBpfwwf7mZsNnk7e7exNJ-image.png,capture
file-86BGJb1uJaSDMDVYNabAtL-image.png,/home/simon/Learning-Management-System-Academy/legal-matters/digital-unicorn-icon-plc/digital_unicorn_outsource/file-86BGJb1uJaSDMDVYNabAtL-image.png,capture
file-7U6rcFCAY62XNhriGwJpcb-image.png,/home/simon/Learning-Management-System-Academy/legal-matters/digital-unicorn-icon-plc/digital_unicorn_outsource/file-7U6rcFCAY62XNhriGwJpcb-image.png,capture
file-7Sa3kzcgkyjcTNHeupnahd-8222.png,/home/simon/Learning-Management-System-Academy/legal-matters/digital-unicorn-icon-plc/digital_unicorn_outsource/file-7Sa3kzcgkyjcTNHeupnahd-8222.png,capture
file-SWnySHQ1R59ceD3mMm1gf2-8388.png,/home/simon/Learning-Management-System-Academy/legal-matters/digital-unicorn-icon-plc/digital_unicorn_outsource/file-SWnySHQ1R59ceD3mMm1gf2-8388.png,capture
file-1Ykjh9o3VYYkJ4v5823wAj-b96bdaff-aede-4134-8860-ab12760ee84c.png,/home/simon/Learning-Management-System-Academy/legal-matters/digital-unicorn-icon-plc/digital_unicorn_outsource/file-1Ykjh9o3VYYkJ4v5823wAj-b96bdaff-aede-4134-8860-ab12760ee84c.png,capture
file-PW74rJJZVmqSiHBsHHDDjt-17551396841771927191008167791742.jpg,/home/simon/Learning-Management-System-Academy/legal-matters/digital-unicorn-icon-plc/digital_unicorn_outsource/file-PW74rJJZVmqSiHBsHHDDjt-17551396841771927191008167791742.jpg,capture
file-5Ec97UeHdpT4tMvNVcgVf6-image.png,/home/simon/Learning-Management-System-Academy/legal-matters/digital-unicorn-icon-plc/digital_unicorn_outsource/file-5Ec97UeHdpT4tMvNVcgVf6-image.png,capture
file-TwLGZMAjqmrXne7ZDR1uNB-image.png,/home/simon/Learning-Management-System-Academy/legal-matters/digital-unicorn-icon-plc/digital_unicorn_outsource/file-TwLGZMAjqmrXne7ZDR1uNB-image.png,capture
file-JPQSJ9869ZTZSZcfdxNSsF-73615e7f-8af5-4db3-83b6-2534f0eee8f9.png,/home/simon/Learning-Management-System-Academy/legal-matters/digital-unicorn-icon-plc/digital_unicorn_outsource/file-JPQSJ9869ZTZSZcfdxNSsF-73615e7f-8af5-4db3-83b6-2534f0eee8f9.png,screenshot
file-KI84vw270qSIUlsoLaSj9z67-image.png,/home/simon/Learning-Management-System-Academy/legal-matters/digital-unicorn-icon-plc/digital_unicorn_outsource/file-KI84vw270qSIUlsoLaSj9z67-image.png,capture
file-1VJZ7zTnB5BHEgMIJS0hJ4KR-gui.jpg,/home/simon/Learning-Management-System-Academy/legal-matters/digital-unicorn-icon-plc/digital_unicorn_outsource/file-1VJZ7zTnB5BHEgMIJS0hJ4KR-gui.jpg,capture
file-BHj4fLazqMAAF3X8j3rrw2-image.png,/home/simon/Learning-Management-System-Academy/legal-matters/digital-unicorn-icon-plc/digital_unicorn_outsource/file-BHj4fLazqMAAF3X8j3rrw2-image.png,capture
file-L6RmVLPY1knH9vcVQposPe-image.png,/home/simon/Learning-Management-System-Academy/legal-matters/digital-unicorn-icon-plc/digital_unicorn_outsource/file-L6RmVLPY1knH9vcVQposPe-image.png,capture
file-GMroMgbkkrXXd7DCGK25Zq-75b914c8-a67a-4c73-aa97-6b72b2a70aa7.png,/home/simon/Learning-Management-System-Academy/legal-matters/digital-unicorn-icon-plc/digital_unicorn_outsource/file-GMroMgbkkrXXd7DCGK25Zq-75b914c8-a67a-4c73-aa97-6b72b2a70aa7.png,capture
file-BWMEE2DzVJzUZJnymXK4Kz-0aaeb789-bcb6-4f54-bb1e-a9ae9d381d63.png,/home/simon/Learning-Management-System-Academy/legal-matters/digital-unicorn-icon-plc/digital_unicorn_outsource/file-BWMEE2DzVJzUZJnymXK4Kz-0aaeb789-bcb6-4f54-bb1e-a9ae9d381d63.png,capture
file-IOgtSgXg5i4bO78mAuUGsglE-image.png,/home/simon/Learning-Management-System-Academy/legal-matters/digital-unicorn-icon-plc/digital_unicorn_outsource/file-IOgtSgXg5i4bO78mAuUGsglE-image.png,capture
file-9dM9Dms44fVd37EwUD6Mqk-WhatsApp Image 2025-08-26 at 9.44.36 AM (1).jpeg,/home/simon/Learning-Management-System-Academy/legal-matters/digital-unicorn-icon-plc/digital_unicorn_outsource/file-9dM9Dms44fVd37EwUD6Mqk-WhatsApp Image 2025-08-26 at 9.44.36 AM (1).jpeg,capture
file-LN4V4dZi0IRalM7dmUWlPB5a-output.jpg,/home/simon/Learning-Management-System-Academy/legal-matters/digital-unicorn-icon-plc/digital_unicorn_outsource/file-LN4V4dZi0IRalM7dmUWlPB5a-output.jpg,capture
file-TF8v2cM6DyKozirJrrFrDs-8387.jpg,/home/simon/Learning-Management-System-Academy/legal-matters/digital-unicorn-icon-plc/digital_unicorn_outsource/file-TF8v2cM6DyKozirJrrFrDs-8387.jpg,capture
file-DbuHvpcTS3a4sLMwuNh8P7-image.png,/home/simon/Learning-Management-System-Academy/legal-matters/digital-unicorn-icon-plc/digital_unicorn_outsource/file-DbuHvpcTS3a4sLMwuNh8P7-image.png,capture
file-U3E8YwDHCRLGU6j5aYwYQu-image.png,/home/simon/Learning-Management-System-Academy/legal-matters/digital-unicorn-icon-plc/digital_unicorn_outsource/file-U3E8YwDHCRLGU6j5aYwYQu-image.png,capture
file-8aCn7A9MU5YMW5Z3Uhah8hrN-image.png,/home/simon/Learning-Management-System-Academy/legal-matters/digital-unicorn-icon-plc/digital_unicorn_outsource/file-8aCn7A9MU5YMW5Z3Uhah8hrN-image.png,capture
file-4xQDtCt8Y6TN7b5qunNDgt-image.png,/home/simon/Learning-Management-System-Academy/legal-matters/digital-unicorn-icon-plc/digital_unicorn_outsource/file-4xQDtCt8Y6TN7b5qunNDgt-image.png,capture
file-J1fq2gynTcJx6XPAwMawxf-image.png,/home/simon/Learning-Management-System-Academy/legal-matters/digital-unicorn-icon-plc/digital_unicorn_outsource/file-J1fq2gynTcJx6XPAwMawxf-image.png,capture
file-J9uuDsWgTJsTOwg1qidQi1mw-image.png,/home/simon/Learning-Management-System-Academy/legal-matters/digital-unicorn-icon-plc/digital_unicorn_outsource/file-J9uuDsWgTJsTOwg1qidQi1mw-image.png,capture
file-R3xLdcCtvzskGkLuMLh18h-a820dedf-3fcc-4ab2-9661-10d5e9702272.png,/home/simon/Learning-Management-System-Academy/legal-matters/digital-unicorn-icon-plc/digital_unicorn_outsource/file-R3xLdcCtvzskGkLuMLh18h-a820dedf-3fcc-4ab2-9661-10d5e9702272.png,capture
file-CyqrFRhCXRHy9VmAyrfqX1-image.png,/home/simon/Learning-Management-System-Academy/legal-matters/digital-unicorn-icon-plc/digital_unicorn_outsource/file-CyqrFRhCXRHy9VmAyrfqX1-image.png,capture
file-QWvC2tqWGELCirgFuBcqCjTL-image.png,/home/simon/Learning-Management-System-Academy/legal-matters/digital-unicorn-icon-plc/digital_unicorn_outsource/file-QWvC2tqWGELCirgFuBcqCjTL-image.png,capture
file-VEETW6WRxLnUYqTpENThgg-058b6047-8406-4796-9f46-b2afc075c1fa.png,/home/simon/Learning-Management-System-Academy/legal-matters/digital-unicorn-icon-plc/digital_unicorn_outsource/file-VEETW6WRxLnUYqTpENThgg-058b6047-8406-4796-9f46-b2afc075c1fa.png,capture
file-LvqF30oSTm0lFHqdG6nGmZq7-image.png,/home/simon/Learning-Management-System-Academy/legal-matters/digital-unicorn-icon-plc/digital_unicorn_outsource/file-LvqF30oSTm0lFHqdG6nGmZq7-image.png,capture
file-DbXdznZuHcDpZNjL1GLDU6-8397.png,/home/simon/Learning-Management-System-Academy/legal-matters/digital-unicorn-icon-plc/digital_unicorn_outsource/file-DbXdznZuHcDpZNjL1GLDU6-8397.png,capture
file-DDhBHoRfFsZAzYyrmwZgve-image.png,/home/simon/Learning-Management-System-Academy/legal-matters/digital-unicorn-icon-plc/digital_unicorn_outsource/file-DDhBHoRfFsZAzYyrmwZgve-image.png,capture
file-3otoodk58NhP1Cu7HXEyFZ-image.png,/home/simon/Learning-Management-System-Academy/legal-matters/digital-unicorn-icon-plc/digital_unicorn_outsource/file-3otoodk58NhP1Cu7HXEyFZ-image.png,capture
file-HrGtPv4AUz4hpTsfHwNcMXvk-image.png,/home/simon/Learning-Management-System-Academy/legal-matters/digital-unicorn-icon-plc/digital_unicorn_outsource/file-HrGtPv4AUz4hpTsfHwNcMXvk-image.png,capture
file-XCtBwJSfnMbvHo9Xk8kHdD-8386.png,/home/simon/Learning-Management-System-Academy/legal-matters/digital-unicorn-icon-plc/digital_unicorn_outsource/file-XCtBwJSfnMbvHo9Xk8kHdD-8386.png,capture
file-Vsgswd3x1oBrFMFJfV5uIxft-image.png,/home/simon/Learning-Management-System-Academy/legal-matters/digital-unicorn-icon-plc/digital_unicorn_outsource/file-Vsgswd3x1oBrFMFJfV5uIxft-image.png,capture
file-4dZFnJRsvnDCnamM5gLrft-7c600412-f904-4d86-ab3e-ea0476747fce.png,/home/simon/Learning-Management-System-Academy/legal-matters/digital-unicorn-icon-plc/digital_unicorn_outsource/file-4dZFnJRsvnDCnamM5gLrft-7c600412-f904-4d86-ab3e-ea0476747fce.png,capture
file-4tKflDVqf8pAq93UQpJy3HAk-image.png,/home/simon/Learning-Management-System-Academy/legal-matters/digital-unicorn-icon-plc/digital_unicorn_outsource/file-4tKflDVqf8pAq93UQpJy3HAk-image.png,capture
file-6SuLnpNebTZ8kJwhWyXDxk-image.png,/home/simon/Learning-Management-System-Academy/legal-matters/digital-unicorn-icon-plc/digital_unicorn_outsource/file-6SuLnpNebTZ8kJwhWyXDxk-image.png,capture
file-MNz4naA6aVR34p5MhJBxad-image.png,/home/simon/Learning-Management-System-Academy/legal-matters/digital-unicorn-icon-plc/digital_unicorn_outsource/file-MNz4naA6aVR34p5MhJBxad-image.png,capture
file-WyucDa68i4zSMv5996AeGt-17551439191735510027707221224083.jpg,/home/simon/Learning-Management-System-Academy/legal-matters/digital-unicorn-icon-plc/digital_unicorn_outsource/file-WyucDa68i4zSMv5996AeGt-17551439191735510027707221224083.jpg,capture
file-EAFqb5pRJGq7yg2pVniUMv-8414.png,/home/simon/Learning-Management-System-Academy/legal-matters/digital-unicorn-icon-plc/digital_unicorn_outsource/file-EAFqb5pRJGq7yg2pVniUMv-8414.png,capture
file-m4bP9GGYRb936eTaOFjlwRhn-image.png,/home/simon/Learning-Management-System-Academy/legal-matters/digital-unicorn-icon-plc/digital_unicorn_outsource/file-m4bP9GGYRb936eTaOFjlwRhn-image.png,capture
file-TQ5dWdqnLvByDRNDnYZ0i3Ob-inaged3.jpg,/home/simon/Learning-Management-System-Academy/legal-matters/digital-unicorn-icon-plc/digital_unicorn_outsource/file-TQ5dWdqnLvByDRNDnYZ0i3Ob-inaged3.jpg,capture
file-JxBX9dDDYXHAGSHNc3Faxm-e0063928-dca4-4db9-b4d3-3ca6766840db.png,/home/simon/Learning-Management-System-Academy/legal-matters/digital-unicorn-icon-plc/digital_unicorn_outsource/file-JxBX9dDDYXHAGSHNc3Faxm-e0063928-dca4-4db9-b4d3-3ca6766840db.png,capture
file-SAAV9m4bcsWXb5g3GZqrja-image.png,/home/simon/Learning-Management-System-Academy/legal-matters/digital-unicorn-icon-plc/digital_unicorn_outsource/file-SAAV9m4bcsWXb5g3GZqrja-image.png,capture
file-lxoC3kvX7BRaO27lAbYRTibp-image.png,/home/simon/Learning-Management-System-Academy/legal-matters/digital-unicorn-icon-plc/digital_unicorn_outsource/file-lxoC3kvX7BRaO27lAbYRTibp-image.png,capture
file-AgkLaq4rQhUf9j3BHzwUMF-image.png,/home/simon/Learning-Management-System-Academy/legal-matters/digital-unicorn-icon-plc/digital_unicorn_outsource/file-AgkLaq4rQhUf9j3BHzwUMF-image.png,capture
file-RTFtxJwSifafHGdah5oGxRXT-image.png,/home/simon/Learning-Management-System-Academy/legal-matters/digital-unicorn-icon-plc/digital_unicorn_outsource/file-RTFtxJwSifafHGdah5oGxRXT-image.png,capture
file-u1vRZnjly79aQA5jlGNMJ3sp-Grammer focus.jpg,/home/simon/Learning-Management-System-Academy/legal-matters/digital-unicorn-icon-plc/digital_unicorn_outsource/file-u1vRZnjly79aQA5jlGNMJ3sp-Grammer focus.jpg,capture
file-HwCMsdW2dPQdz3zvcNWwpy-WhatsApp Image 2025-08-26 at 9.44.36 AM.jpeg,/home/simon/Learning-Management-System-Academy/legal-matters/digital-unicorn-icon-plc/digital_unicorn_outsource/file-HwCMsdW2dPQdz3zvcNWwpy-WhatsApp Image 2025-08-26 at 9.44.36 AM.jpeg,capture
file-rCixgzhA04vF8FmcJrYhwGYR-image.png,/home/simon/Learning-Management-System-Academy/legal-matters/digital-unicorn-icon-plc/digital_unicorn_outsource/file-rCixgzhA04vF8FmcJrYhwGYR-image.png,capture
file-BWtphMPBkvucDVamfEh2UK-8191.png,/home/simon/Learning-Management-System-Academy/legal-matters/digital-unicorn-icon-plc/digital_unicorn_outsource/file-BWtphMPBkvucDVamfEh2UK-8191.png,capture
file-B0A0u5GgStNQ20r0n7yeMNAT-image.png,/home/simon/Learning-Management-System-Academy/legal-matters/digital-unicorn-icon-plc/digital_unicorn_outsource/file-B0A0u5GgStNQ20r0n7yeMNAT-image.png,capture
file-JXwX8c1hTc6c3uMvtTHVQk-image.png,/home/simon/Learning-Management-System-Academy/legal-matters/digital-unicorn-icon-plc/digital_unicorn_outsource/file-JXwX8c1hTc6c3uMvtTHVQk-image.png,capture
file-THbNvAeg5AvDN8rHLu3Sum-image.png,/home/simon/Learning-Management-System-Academy/legal-matters/digital-unicorn-icon-plc/digital_unicorn_outsource/file-THbNvAeg5AvDN8rHLu3Sum-image.png,capture
file-1hS9VRsxVWoyQF6SggWF8X-34a7247d-c116-453e-8851-e6f3e04cd66d.png,/home/simon/Learning-Management-System-Academy/legal-matters/digital-unicorn-icon-plc/digital_unicorn_outsource/file-1hS9VRsxVWoyQF6SggWF8X-34a7247d-c116-453e-8851-e6f3e04cd66d.png,capture
file-Bz2FzeT6DdqcdFWZhRJKeDeo-image.png,/home/simon/Learning-Management-System-Academy/legal-matters/digital-unicorn-icon-plc/digital_unicorn_outsource/file-Bz2FzeT6DdqcdFWZhRJKeDeo-image.png,capture
file-qv7nfOeeUgS4MS8u6YLAtNJN-image.png,/home/simon/Learning-Management-System-Academy/legal-matters/digital-unicorn-icon-plc/digital_unicorn_outsource/file-qv7nfOeeUgS4MS8u6YLAtNJN-image.png,capture
file-YwDdDg0PaL74pAf8H5ysE39A-image.png,/home/simon/Learning-Management-System-Academy/legal-matters/digital-unicorn-icon-plc/digital_unicorn_outsource/file-YwDdDg0PaL74pAf8H5ysE39A-image.png,capture
file-G7hzpKp3cyvW2WYSN6XXHh-8303.png,/home/simon/Learning-Management-System-Academy/legal-matters/digital-unicorn-icon-plc/digital_unicorn_outsource/file-G7hzpKp3cyvW2WYSN6XXHh-8303.png,capture
file-KBzrNVrgg2zduF8rmFkDhJ-WhatsApp Image 2025-08-26 at 9.44.36 AM (1).jpeg,/home/simon/Learning-Management-System-Academy/legal-matters/digital-unicorn-icon-plc/digital_unicorn_outsource/file-KBzrNVrgg2zduF8rmFkDhJ-WhatsApp Image 2025-08-26 at 9.44.36 AM (1).jpeg,capture
file-3mhV6kiEQTFUqKJh4vC3yc-image.png,/home/simon/Learning-Management-System-Academy/legal-matters/digital-unicorn-icon-plc/digital_unicorn_outsource/file-3mhV6kiEQTFUqKJh4vC3yc-image.png,capture
file-9V4aCq4xtUEHBCaeScrc9E-2a4f9dc0-f7d3-4b74-954c-a1cbe4ab428b.png,/home/simon/Learning-Management-System-Academy/legal-matters/digital-unicorn-icon-plc/digital_unicorn_outsource/file-9V4aCq4xtUEHBCaeScrc9E-2a4f9dc0-f7d3-4b74-954c-a1cbe4ab428b.png,capture
file-XRf9jt484jYr1PixwmqF11-image.png,/home/simon/Learning-Management-System-Academy/legal-matters/digital-unicorn-icon-plc/digital_unicorn_outsource/file-XRf9jt484jYr1PixwmqF11-image.png,capture
file-5RrBGNwDydEGg92hp6FCFj-image.png,/home/simon/Learning-Management-System-Academy/legal-matters/digital-unicorn-icon-plc/digital_unicorn_outsource/file-5RrBGNwDydEGg92hp6FCFj-image.png,capture
file-WExY8zMw98WqX6XwTgFxF5-317af17d-10ed-4dd7-833f-864f1ac5f141.png,/home/simon/Learning-Management-System-Academy/legal-matters/digital-unicorn-icon-plc/digital_unicorn_outsource/file-WExY8zMw98WqX6XwTgFxF5-317af17d-10ed-4dd7-833f-864f1ac5f141.png,capture
file-DihoIOd0WaDcs4mpqNGXU0s1-image.png,/home/simon/Learning-Management-System-Academy/legal-matters/digital-unicorn-icon-plc/digital_unicorn_outsource/file-DihoIOd0WaDcs4mpqNGXU0s1-image.png,capture
file-EYqgMP155q1amKC7PJcn6Y-c725b776-ea96-43fd-b88e-156b9cc46581.png,/home/simon/Learning-Management-System-Academy/legal-matters/digital-unicorn-icon-plc/digital_unicorn_outsource/file-EYqgMP155q1amKC7PJcn6Y-c725b776-ea96-43fd-b88e-156b9cc46581.png,capture
dalle-generations/file-ViBWxoNuf6hhh6Ahpeyx3U-5c47b51b-a20b-435f-9c3e-cf2463420582.webp,/home/simon/Learning-Management-System-Academy/legal-matters/digital-unicorn-icon-plc/digital_unicorn_outsource/dalle-generations/file-ViBWxoNuf6hhh6Ahpeyx3U-5c47b51b-a20b-435f-9c3e-cf2463420582.webp,dalle-ai
dalle-generations/file-8BoQyQmFrEjGCci8zrz0mZBd-1500fc1a-f75d-4e7f-a937-ba2c018571dc.webp,/home/simon/Learning-Management-System-Academy/legal-matters/digital-unicorn-icon-plc/digital_unicorn_outsource/dalle-generations/file-8BoQyQmFrEjGCci8zrz0mZBd-1500fc1a-f75d-4e7f-a937-ba2c018571dc.webp,dalle-ai
dalle-generations/file-YU1rfMuzoxIRT2KF1PTfV5r4-2c4c1ccf-723a-4cdb-bf4d-04b64bf23184.webp,/home/simon/Learning-Management-System-Academy/legal-matters/digital-unicorn-icon-plc/digital_unicorn_outsource/dalle-generations/file-YU1rfMuzoxIRT2KF1PTfV5r4-2c4c1ccf-723a-4cdb-bf4d-04b64bf23184.webp,dalle-ai
dalle-generations/file-PPY3sCZDuYfmRxeUrARFhL-434d42e8-6a13-48af-8804-d2ce9d7e68ff.webp,/home/simon/Learning-Management-System-Academy/legal-matters/digital-unicorn-icon-plc/digital_unicorn_outsource/dalle-generations/file-PPY3sCZDuYfmRxeUrARFhL-434d42e8-6a13-48af-8804-d2ce9d7e68ff.webp,dalle-ai
dalle-generations/file-AgsX7nt694n47k3YczRnBJ-5612f383-f6bb-4c4b-987d-31bdebc04254.webp,/home/simon/Learning-Management-System-Academy/legal-matters/digital-unicorn-icon-plc/digital_unicorn_outsource/dalle-generations/file-AgsX7nt694n47k3YczRnBJ-5612f383-f6bb-4c4b-987d-31bdebc04254.webp,dalle-ai
dalle-generations/file-HTzoYVouaSizHDCTKcrmrP-4ea6c264-92a8-4b3f-a50c-d3370b5fcba5.webp,/home/simon/Learning-Management-System-Academy/legal-matters/digital-unicorn-icon-plc/digital_unicorn_outsource/dalle-generations/file-HTzoYVouaSizHDCTKcrmrP-4ea6c264-92a8-4b3f-a50c-d3370b5fcba5.webp,dalle-ai
dalle-generations/file-FTq8z6YGU6Ts93qoiqkEZB-bcb27739-d5a2-4a8a-b35f-51ca6a61f3b9.webp,/home/simon/Learning-Management-System-Academy/legal-matters/digital-unicorn-icon-plc/digital_unicorn_outsource/dalle-generations/file-FTq8z6YGU6Ts93qoiqkEZB-bcb27739-d5a2-4a8a-b35f-51ca6a61f3b9.webp,dalle-ai
dalle-generations/file-5HtiApbwqVUHwgAN3ZnKBz-4eaedced-4aba-40d8-9663-013e01876602.webp,/home/simon/Learning-Management-System-Academy/legal-matters/digital-unicorn-icon-plc/digital_unicorn_outsource/dalle-generations/file-5HtiApbwqVUHwgAN3ZnKBz-4eaedced-4aba-40d8-9663-013e01876602.webp,dalle-ai
dalle-generations/file-4hmhop6GxVbf9J4sufXFD3-35c1dec8-bc95-4fd8-bcf6-c6d2a14ccbdf.webp,/home/simon/Learning-Management-System-Academy/legal-matters/digital-unicorn-icon-plc/digital_unicorn_outsource/dalle-generations/file-4hmhop6GxVbf9J4sufXFD3-35c1dec8-bc95-4fd8-bcf6-c6d2a14ccbdf.webp,dalle-ai
user-8eBjBsUvS6GmsJrFuckwixSq/file_00000000066461fb982dfd68a0309be6-5b17800b-391d-4a91-be69-5e7c636dba38.png,/home/simon/Learning-Management-System-Academy/legal-matters/digital-unicorn-icon-plc/digital_unicorn_outsource/user-8eBjBsUvS6GmsJrFuckwixSq/file_00000000066461fb982dfd68a0309be6-5b17800b-391d-4a91-be69-5e7c636dba38.png,capture
user-8eBjBsUvS6GmsJrFuckwixSq/file_00000000244861f9b94a7492803c8290-fa7f399d-0e19-4da9-a264-bd139af40034.png,/home/simon/Learning-Management-System-Academy/legal-matters/digital-unicorn-icon-plc/digital_unicorn_outsource/user-8eBjBsUvS6GmsJrFuckwixSq/file_00000000244861f9b94a7492803c8290-fa7f399d-0e19-4da9-a264-bd139af40034.png,capture
